Year,Month,EffectiveFederalFundsRate,RealGDP ,UnemploymentRate,InflationRate,CorePCE
1973,1,5.94,10.2,4.9,2.8,2.68
1973,2,6.58,10.2,5,2.8,2.73
1973,3,7.09,10.2,4.9,3,2.94
1973,4,7.12,4.6,5,3.2,3.29
1973,5,7.84,4.6,4.9,3.2,3.45
1973,6,8.49,4.6,4.9,3.2,3.69
1973,7,10.4,-2.2,4.8,3.2,3.84
1973,8,10.5,-2.2,4.8,3.2,4.11
1973,9,10.78,-2.2,4.8,3.8,4.28
1973,10,10.01,3.8,4.6,4.3,4.62
1973,11,10.03,3.8,4.8,4.5,4.85
1973,12,9.95,3.8,4.9,4.7,5.11
1974,1,9.65,-3.3,5.1,4.9,5.57
1974,2,8.97,-3.3,5.2,5.4,5.91
1974,3,9.35,-3.3,5.1,5.8,6.3
1974,4,10.51,1.1,5.1,6.2,6.48
1974,5,11.31,1.1,5.1,6.8,7.09
1974,6,11.93,1.1,5.4,7.9,7.72
1974,7,12.92,-3.8,5.5,8.8,8.22
1974,8,12.01,-3.8,5.5,9.6,8.75
1974,9,11.34,-3.8,5.9,10.2,9.18
1974,10,10.06,-1.6,6,10.6,9.61
1974,11,9.45,-1.6,6.6,11.2,9.88
1974,12,8.53,-1.6,7.2,11.1,10.05
1975,1,7.13,-4.7,8.1,11.5,10.15
1975,2,6.24,-4.7,8.1,11.7,10.22
1975,3,5.54,-4.7,8.6,11.4,9.94
1975,4,5.49,3.1,8.8,11.3,9.65
1975,5,5.22,3.1,9,10.5,9.07
1975,6,5.55,3.1,8.8,9.6,8.49
1975,7,6.1,6.8,8.6,9.1,8.2
1975,8,6.14,6.8,8.4,8.2,7.54
1975,9,6.24,6.8,8.4,7.7,7.16
1975,10,5.82,5.5,8.4,7,6.85
1975,11,5.22,5.5,8.3,6.8,6.78
1975,12,5.2,5.5,8.2,6.7,6.68
1976,1,4.87,9.3,7.9,6.7,6.6
1976,2,4.77,9.3,7.7,6.5,6.28
1976,3,4.84,9.3,7.6,6.6,6.07
1976,4,4.82,3.1,7.7,6.4,5.97
1976,5,5.29,3.1,7.4,6.5,6.03
1976,6,5.48,3.1,7.6,6.5,5.93
1976,7,5.31,2.1,7.8,6.7,5.87
1976,8,5.29,2.1,7.8,6.8,6.11
1976,9,5.25,2.1,7.6,6.8,6.16
1976,10,5.02,3,7.7,6.7,6.15
1976,11,4.95,3,7.8,6.5,5.93
1976,12,4.65,3,7.8,6.1,5.86
1977,1,4.61,4.7,7.5,6.3,5.96
1977,2,4.68,4.7,7.6,6.3,6.19
1977,3,4.69,4.7,7.4,6.2,6.29
1977,4,4.73,8.1,7.2,6.3,6.4
1977,5,5.35,8.1,7,6.3,6.44
1977,6,5.39,8.1,7.2,6.6,6.65
1977,7,5.42,7.3,6.9,6.3,6.72
1977,8,5.9,7.3,7,6.2,6.62
1977,9,6.14,7.3,6.8,6.2,6.45
1977,10,6.47,0,6.8,6,6.45
1977,11,6.51,0,6.8,5.9,6.51
1977,12,6.56,0,6.4,6.5,6.48
1978,1,6.7,1.4,6.4,6.4,6.47
1978,2,6.78,1.4,6.3,6.2,6.23
1978,3,6.79,1.4,6.3,6.3,6.35
1978,4,6.89,16.5,6.1,6.5,6.51
1978,5,7.36,16.5,6,6.8,6.6
1978,6,7.6,16.5,5.9,7,6.56
1978,7,7.81,4,6.2,7.4,6.52
1978,8,8.04,4,5.9,7.5,6.58
1978,9,8.45,4,6,7.9,6.73
1978,10,8.96,5.5,5.8,8.4,7
1978,11,9.76,5.5,5.9,8.7,7.02
1978,12,10.03,5.5,6,8.5,6.89
1979,1,10.07,0.8,5.9,8.6,6.8
1979,2,10.06,0.8,5.9,9.2,6.73
1979,3,10.09,0.8,5.8,9.3,6.77
1979,4,10.01,0.5,5.8,9.3,7.06
1979,5,10.24,0.5,5.6,9.4,7.36
1979,6,10.29,0.5,5.7,9.3,7.36
1979,7,10.47,2.9,5.7,9.6,7.27
1979,8,10.94,2.9,6,10,7.41
1979,9,11.43,2.9,5.9,9.9,7.52
1979,10,13.77,1,6,10.1,7.52
1979,11,13.18,1,5.9,10.6,7.63
1979,12,13.78,1,6,11.3,7.98
1980,1,13.82,1.3,6.3,12,8.24
1980,2,14.13,1.3,6.3,12,8.97
1980,3,17.19,1.3,6.3,12.5,9.35
1980,4,17.61,-7.9,6.9,13,8.91
1980,5,10.98,-7.9,7.5,13.3,8.84
1980,6,9.47,-7.9,7.6,13.6,8.95
1980,7,9.03,-0.6,7.8,12.4,9.17
1980,8,9.61,-0.6,7.7,11.8,9.23
1980,9,10.87,-0.6,7.5,12,9.51
1980,10,12.81,7.6,7.5,12.3,9.61
1980,11,15.85,7.6,7.5,12.1,9.77
1980,12,18.9,7.6,7.2,12.2,9.65
1981,1,19.08,8.5,7.5,11.4,9.76
1981,2,15.93,8.5,7.4,10.9,9.47
1981,3,14.7,8.5,7.4,10,9.07
1981,4,15.72,-2.9,7.2,9.5,9.21
1981,5,18.52,-2.9,7.5,9.5,9.08
1981,6,19.1,-2.9,7.5,9.4,8.9
1981,7,19.04,4.7,7.2,11.1,8.8
1981,8,17.82,4.7,7.4,11.6,8.74
1981,9,15.87,4.7,7.6,11.8,8.43
1981,10,15.08,-4.6,7.9,10.9,8.18
1981,11,13.31,-4.6,8.3,10.2,7.97
1981,12,12.37,-4.6,8.5,9.5,7.71
1982,1,13.22,-6.5,8.6,9.3,7.45
1982,2,14.78,-6.5,8.9,9.1,7.08
1982,3,14.68,-6.5,9,8.8,6.95
1982,4,14.94,2.2,9.3,8.9,6.69
1982,5,14.45,2.2,9.4,8.7,6.54
1982,6,14.15,2.2,9.6,8.6,6.54
1982,7,12.59,-1.4,9.8,7.6,6.59
1982,8,10.12,-1.4,9.8,7.1,6.37
1982,9,10.31,-1.4,10.1,5.9,6.07
1982,10,9.71,0.4,10.4,5.9,6.11
1982,11,9.2,0.4,10.8,5.3,5.88
1982,12,8.95,0.4,10.8,4.5,5.83
1983,1,8.68,5.3,10.4,4.7,5.9
1983,2,8.51,5.3,10.4,4.7,5.89
1983,3,8.77,5.3,10.3,4.7,5.56
1983,4,8.8,9.4,10.2,4.3,5.46
1983,5,8.63,9.4,10.1,3.6,5.04
1983,6,8.98,9.4,10.1,2.9,5.01
1983,7,9.37,8.1,9.4,3,5.03
1983,8,9.56,8.1,9.5,3,5.09
1983,9,9.45,8.1,9.2,3.5,5.12
1983,10,9.48,8.5,8.8,3.7,4.65
1983,11,9.34,8.5,8.5,4.3,4.51
1983,12,9.47,8.5,8.3,4.8,4.25
1984,1,9.56,8.2,8,4.8,3.89
1984,2,9.59,8.2,7.8,4.8,4.16
1984,3,9.91,8.2,7.8,5,4.42
1984,4,10.29,7.2,7.7,5,4.59
1984,5,10.32,7.2,7.4,5.2,4.68
1984,6,11.06,7.2,7.2,5.1,4.44
1984,7,11.23,4,7.5,5,4.19
1984,8,11.64,4,7.5,5.1,4
1984,9,11.3,4,7.3,5.1,3.74
1984,10,9.99,3.2,7.4,4.9,3.79
1984,11,9.43,3.2,7.2,4.6,3.77
1984,12,8.38,3.2,7.3,4.7,4.1
1985,1,8.35,4,7.3,4.5,4.33
1985,2,8.5,4,7.2,4.7,4.22
1985,3,8.58,4,7.2,4.8,4.19
1985,4,8.27,3.7,7.3,4.5,3.83
1985,5,7.97,3.7,7.2,4.5,3.95
1985,6,7.53,3.7,7.4,4.4,4.04
1985,7,7.88,6.4,7.4,4.2,3.9
1985,8,7.9,6.4,7.1,4.1,4.07
1985,9,7.92,6.4,7.1,4,4.12
1985,10,7.99,3,7.1,4.1,4.05
1985,11,8.05,3,7,4.4,4.09
1985,12,8.27,3,7,4.3,3.96
1986,1,8.14,3.8,6.7,4.4,3.94
1986,2,7.86,3.8,7.2,4.2,3.67
1986,3,7.48,3.8,7.2,4.1,3.62
1986,4,6.99,1.9,7.1,4.2,3.69
1986,5,6.85,1.9,7.2,4,3.5
1986,6,6.92,1.9,7.2,4,3.47
1986,7,6.56,4.1,7,4.1,3.36
1986,8,6.17,4.1,6.9,4,3.07
1986,9,5.89,4.1,7,4.1,3.19
1986,10,5.85,2.1,7,4,3.38
1986,11,6.04,2.1,6.9,3.8,3.34
1986,12,6.91,2.1,6.6,3.8,3.19
1987,1,6.43,2.8,6.6,3.8,2.88
1987,2,6.1,2.8,6.6,3.8,2.82
1987,3,6.13,2.8,6.6,4,3.07
1987,4,6.37,4.6,6.3,4.2,3.18
1987,5,6.85,4.6,6.3,4.2,3.15
1987,6,6.73,4.6,6.2,4.1,3.23
1987,7,6.58,3.7,6.1,4,3.37
1987,8,6.73,3.7,6,4.2,3.44
1987,9,7.22,3.7,5.9,4.3,3.53
1987,10,7.29,6.8,6,4.3,3.61
1987,11,6.69,6.8,5.8,4.4,3.85
1987,12,6.77,6.8,5.7,4.2,3.86
1988,1,6.83,2.3,5.7,4.3,3.99
1988,2,6.58,2.3,5.7,4.3,4.06
1988,3,6.58,2.3,5.7,4.4,4.12
1988,4,6.87,5.4,5.4,4.3,4.27
1988,5,7.09,5.4,5.6,4.3,4.43
1988,6,7.51,5.4,5.4,4.5,4.34
1988,7,7.75,2.3,5.4,4.5,4.48
1988,8,8.01,2.3,5.6,4.4,4.43
1988,9,8.19,2.3,5.4,4.4,4.5
1988,10,8.3,5.4,5.4,4.5,4.63
1988,11,8.35,5.4,5.3,4.4,4.66
1988,12,8.76,5.4,5.3,4.7,4.71
1989,1,9.12,4.1,5.4,4.6,4.58
1989,2,9.36,4.1,5.2,4.8,4.42
1989,3,9.85,4.1,5,4.7,4.38
1989,4,9.84,3.2,5.2,4.6,4.21
1989,5,9.81,3.2,5.2,4.6,4.06
1989,6,9.53,3.2,5.3,4.5,3.95
1989,7,9.24,3,5.2,4.6,3.75
1989,8,8.99,3,5.2,4.4,3.73
1989,9,9.02,3,5.3,4.3,3.75
1989,10,8.84,0.9,5.3,4.3,3.73
1989,11,8.55,0.9,5.4,4.4,0.0372
1989,12,8.45,0.9,5.4,4.4,0.0368
1990,1,8.23,4.5,5.4,4.4,0.0355
1990,2,8.24,4.5,5.3,4.6,0.0379
1990,3,8.28,4.5,5.2,4.9,0.0398
1990,4,8.26,1.6,5.4,4.8,0.0394
1990,5,8.18,1.6,5.4,4.8,0.0394
1990,6,8.29,1.6,5.2,4.9,0.0407
1990,7,8.15,0.1,5.5,5,0.0407
1990,8,8.13,0.1,5.7,5.5,0.0435
1990,9,8.2,0.1,5.9,5.5,0.0436
1990,10,8.11,-3.4,5.9,5.3,0.0434
1990,11,7.81,-3.4,6.2,5.3,0.0418
1990,12,7.31,-3.4,6.3,5.2,0.0403
1991,1,6.91,-1.9,6.4,5.6,0.0415
1991,2,6.25,-1.9,6.6,5.6,0.0393
1991,3,6.12,-1.9,6.8,5.2,0.0365
1991,4,5.91,3.1,6.7,5.1,0.0355
1991,5,5.78,3.1,6.9,5.1,0.0365
1991,6,5.9,3.1,6.9,5,0.0347
1991,7,5.82,1.9,6.8,4.8,0.0352
1991,8,5.66,1.9,6.9,4.6,0.0338
1991,9,5.45,1.9,6.9,4.5,0.0343
1991,10,5.21,1.8,7,4.4,0.033
1991,11,4.81,1.8,7,4.5,0.0337
1991,12,4.43,1.8,7.3,4.4,0.0348
1992,1,4.03,4.8,7.3,3.9,0.0325
1992,2,4.06,4.8,7.4,3.8,0.0325
1992,3,3.98,4.8,7.4,3.9,0.0329
1992,4,3.73,4.5,7.4,3.9,0.0342
1992,5,3.82,4.5,7.6,3.8,0.0315
1992,6,3.76,4.5,7.8,3.8,0.0301
1992,7,3.25,3.9,7.7,3.7,0.0309
1992,8,3.3,3.9,7.6,3.5,0.029
1992,9,3.22,3.9,7.6,3.3,0.0266
1992,10,3.1,4.1,7.3,3.5,0.0283
1992,11,3.09,4.1,7.4,3.4,0.0286
1992,12,2.92,4.1,7.4,3.3,0.028
1993,1,3.02,0.8,7.3,3.5,0.0281
1993,2,3.03,0.8,7.1,3.6,0.0273
1993,3,3.07,0.8,7,3.4,0.027
1993,4,2.96,2.4,7.1,3.5,0.0266
1993,5,3,2.4,7.1,3.4,0.0286
1993,6,3.04,2.4,7,3.3,0.0288
1993,7,3.06,2,6.9,3.2,0.0271
1993,8,3.03,2,6.8,3.3,0.028
1993,9,3.09,2,6.7,3.2,0.0279
1993,10,2.99,5.4,6.8,3,0.0257
1993,11,3.02,5.4,6.6,3.1,0.0261
1993,12,2.96,5.4,6.5,3.2,0.0246
1994,1,3.05,4,6.6,2.9,0.0225
1994,2,3.25,4,6.6,2.8,0.0227
1994,3,3.34,4,6.5,2.9,0.024
1994,4,3.56,5.6,6.4,2.8,0.0225
1994,5,4.01,5.6,6.1,2.8,0.0214
1994,6,4.25,5.6,6.1,2.9,0.0227
1994,7,4.26,2.4,6.1,2.9,0.0227
1994,8,4.47,2.4,6,2.9,0.0219
1994,9,4.73,2.4,5.9,3,0.0219
1994,10,4.76,4.6,5.8,2.9,0.0226
1994,11,5.29,4.6,5.6,2.8,0.0219
1994,12,5.45,4.6,5.5,2.6,0.0218
1995,1,5.53,1.4,5.6,2.9,0.0235
1995,2,5.92,1.4,5.4,3,0.023
1995,3,5.98,1.4,5.4,3,0.022
1995,4,6.05,1.4,5.8,3.1,0.0228
1995,5,6.01,1.4,5.6,3.1,0.0223
1995,6,6,1.4,5.6,3,0.0209
1995,7,5.85,3.5,5.7,3,0.0204
1995,8,5.74,3.5,5.7,2.9,0.0217
1995,9,5.8,3.5,5.6,2.9,0.0215
1995,10,5.76,2.9,5.5,3,0.0216
1995,11,5.8,2.9,5.6,3,0.0204
1995,12,5.6,2.9,5.6,3,0.0214
1996,1,5.56,2.7,5.6,3,0.0201
1996,2,5.22,2.7,5.5,2.9,0.0197
1996,3,5.31,2.7,5.5,2.8,0.0196
1996,4,5.22,7.2,5.6,2.7,0.0186
1996,5,5.24,7.2,5.6,2.7,0.0186
1996,6,5.27,7.2,5.3,2.7,0.0185
1996,7,5.4,3.7,5.5,2.7,0.0188
1996,8,5.22,3.7,5.1,2.6,0.0173
1996,9,5.3,3.7,5.2,2.7,0.019
1996,10,5.24,4.3,5.2,2.6,0.019
1996,11,5.31,4.3,5.4,2.6,0.0196
1996,12,5.29,4.3,5.4,2.6,0.0186
1997,1,5.25,3.1,5.3,2.5,0.0185
1997,2,5.19,3.1,5.2,2.5,0.0193
1997,3,5.39,3.1,5.2,2.5,0.0194
1997,4,5.51,6.2,5.1,2.7,0.02
1997,5,5.5,6.2,4.9,2.5,0.019
1997,6,5.56,6.2,5,2.4,0.0197
1997,7,5.52,5.2,4.9,2.4,0.0184
1997,8,5.54,5.2,4.8,2.3,0.0172
1997,9,5.54,5.2,4.9,2.2,0.0162
1997,10,5.5,3.1,4.7,2.3,0.0153
1997,11,5.52,3.1,4.6,2.2,0.0153
1997,12,5.5,3.1,4.7,2.2,0.0143
1998,1,5.56,4,4.6,2.2,0.0145
1998,2,5.51,4,4.6,2.3,0.015
1998,3,5.49,4,4.7,2.1,0.0138
1998,4,5.45,3.9,4.3,2.1,0.0124
1998,5,5.49,3.9,4.4,2.2,0.0123
1998,6,5.56,3.9,4.5,2.2,0.0126
1998,7,5.54,5.3,4.5,2.2,0.0098
1998,8,5.55,5.3,4.5,2.5,0.012
1998,9,5.51,5.3,4.6,2.5,0.0143
1998,10,5.07,6.7,4.5,2.3,0.0121
1998,11,4.83,6.7,4.4,2.3,0.0125
1998,12,4.68,6.7,4.4,2.4,0.0124
1999,1,4.63,3.2,4.3,2.4,0.0135
1999,2,4.76,3.2,4.4,2.1,0.0134
1999,3,4.81,3.2,4.2,2.1,0.0122
1999,4,4.74,3.3,4.3,2.2,0.0115
1999,5,4.74,3.3,4.2,2,0.0122
1999,6,4.76,3.3,4.3,2.1,0.0122
1999,7,4.99,5.1,4.3,2.1,0.014
1999,8,5.07,5.1,4.2,1.9,0.013
1999,9,5.22,5.1,4.2,2,0.0115
1999,10,5.2,7.1,4.1,2.1,0.0143
1999,11,5.42,7.1,4.1,2.1,0.0141
1999,12,5.3,7.1,4,1.9,0.0149
2000,1,5.45,1.2,4,2,0.0144
2000,2,5.73,1.2,4.1,2.2,0.0154
2000,3,5.85,1.2,4,2.4,0.0172
2000,4,6.02,7.8,3.8,2.3,0.019
2000,5,6.27,7.8,4,2.4,0.0171
2000,6,6.53,7.8,4,2.5,0.0172
2000,7,6.54,0.5,4,2.5,0.0174
2000,8,6.5,0.5,4.1,2.6,0.0179
2000,9,6.52,0.5,3.9,2.6,0.0187
2000,10,6.51,2.3,3.9,2.5,0.0185
2000,11,6.51,2.3,3.9,2.6,0.0182
2000,12,6.4,2.3,3.9,2.6,0.019
2001,1,5.98,-1.1,4.2,2.6,0.0187
2001,2,5.49,-1.1,4.2,2.7,0.0201
2001,3,5.31,-1.1,4.3,2.7,0.0203
2001,4,4.8,2.1,4.4,2.6,0.0193
2001,5,4.21,2.1,4.3,2.5,0.0203
2001,6,3.97,2.1,4.5,2.7,0.0194
2001,7,3.77,-1.3,4.6,2.7,0.0209
2001,8,3.65,-1.3,4.9,2.7,0.0212
2001,9,3.07,-1.3,5,2.6,0.0204
2001,10,2.49,1.1,5.3,2.6,0.0122
2001,11,2.09,1.1,5.5,2.8,0.0179
2001,12,1.82,1.1,5.7,2.7,0.0181
2002,1,1.73,3.7,5.7,2.6,0.0174
2002,2,1.74,3.7,5.7,2.6,0.0142
2002,3,1.73,3.7,5.7,2.4,0.0143
2002,4,1.75,2.2,5.9,2.5,0.0145
2002,5,1.75,2.2,5.8,2.5,0.0157
2002,6,1.75,2.2,5.8,2.3,0.0166
2002,7,1.73,2,5.8,2.2,0.0159
2002,8,1.74,2,5.7,2.4,0.0154
2002,9,1.75,2,5.7,2.2,0.0169
2002,10,1.75,0.3,5.7,2.2,0.0243
2002,11,1.34,0.3,5.9,2,0.018
2002,12,1.24,0.3,6,1.9,0.017
2003,1,1.24,2.1,5.8,1.9,0.0177
2003,2,1.26,2.1,5.9,1.7,0.0178
2003,3,1.25,2.1,5.9,1.7,0.0173
2003,4,1.26,3.8,6,1.5,0.0177
2003,5,1.26,3.8,6.1,1.6,0.016
2003,6,1.22,3.8,6.3,1.5,0.0163
2003,7,1.01,6.9,6.2,1.5,0.0153
2003,8,1.03,6.9,6.1,1.3,0.0157
2003,9,1.01,6.9,6.1,1.2,0.0149
2003,10,1.01,4.8,6,1.3,0.0147
2003,11,1,4.8,5.8,1.1,0.0157
2003,12,0.98,4.8,5.7,1.1,0.0161
2004,1,1,2.3,5.7,1.1,0.0164
2004,2,1.01,2.3,5.6,1.2,0.0183
2004,3,1,2.3,5.8,1.6,0.0185
2004,4,1,3,5.6,1.8,0.0186
2004,5,1,3,5.6,1.7,0.0201
2004,6,1.03,3,5.6,1.9,0.02
2004,7,1.26,3.7,5.5,1.8,0.0211
2004,8,1.43,3.7,5.4,1.7,0.0198
2004,9,1.61,3.7,5.4,2,0.019
2004,10,1.76,3.5,5.5,2,0.0195
2004,11,1.93,3.5,5.4,2.2,0.0198
2004,12,2.16,3.5,5.4,2.2,0.0206
2005,1,2.28,4.3,5.3,2.3,0.0207
2005,2,2.5,4.3,5.4,2.4,0.0217
2005,3,2.63,4.3,5.2,2.3,0.0217
2005,4,2.79,2.1,5.2,2.2,0.0226
2005,5,3,2.1,5.1,2.2,0.0211
2005,6,3.04,2.1,5,2,0.0218
2005,7,3.26,3.4,5,2.1,0.0209
2005,8,3.5,3.4,4.9,2.1,0.0211
2005,9,3.62,3.4,5,2,0.0216
2005,10,3.78,2.3,5,2.1,0.0219
2005,11,4,2.3,5,2.1,0.0226
2005,12,4.16,2.3,4.9,2.2,0.0231
2006,1,4.29,4.9,4.7,2.1,0.0228
2006,2,4.49,4.9,4.8,2.1,0.0214
2006,3,4.59,4.9,4.7,2.1,0.0214
2006,4,4.79,1.2,4.7,2.3,0.0217
2006,5,4.94,1.2,4.6,2.4,0.0236
2006,6,4.99,1.2,4.6,2.6,0.0241
2006,7,5.24,0.4,4.7,2.7,0.026
2006,8,5.25,0.4,4.7,2.8,0.0255
2006,9,5.25,0.4,4.5,2.9,0.0267
2006,10,5.25,3.2,4.4,2.7,0.0261
2006,11,5.25,3.2,4.5,2.6,0.025
2006,12,5.24,3.2,4.4,2.6,0.0228
2007,1,5.25,0.2,4.6,2.7,0.0232
2007,2,5.26,0.2,4.5,2.7,0.025
2007,3,5.26,0.2,4.4,2.5,0.0256
2007,4,5.25,3.1,4.5,2.3,0.0238
2007,5,5.25,3.1,4.4,2.2,0.0221
2007,6,5.25,3.1,4.6,2.2,0.0208
2007,7,5.26,2.7,4.7,2.2,0.0199
2007,8,5.02,2.7,4.6,2.1,0.0204
2007,9,4.94,2.7,4.7,2.1,0.0199
2007,10,4.76,1.4,4.7,2.2,0.021
2007,11,4.49,1.4,4.7,2.3,0.0218
2007,12,4.24,1.4,5,2.4,0.0234
2008,1,3.94,-2.7,5,2.5,0.024
2008,2,2.98,-2.7,4.9,2.3,0.0219
2008,3,2.61,-2.7,5.1,2.4,0.0207
2008,4,2.28,2,5,2.3,0.0217
2008,5,1.98,2,5.4,2.3,0.0208
2008,6,2,2,5.6,2.4,0.0215
2008,7,2.01,-1.9,5.8,2.5,0.0221
2008,8,2,-1.9,6.1,2.5,0.0224
2008,9,1.81,-1.9,6.1,2.5,0.0222
2008,10,0.97,-8.2,6.5,2.2,0.0204
2008,11,0.39,-8.2,6.8,2,0.0163
2008,12,0.16,-8.2,7.3,1.8,0.0139
2009,1,0.15,-5.4,7.8,1.7,0.0114
2009,2,0.22,-5.4,8.3,1.8,0.0091
2009,3,0.18,-5.4,8.7,1.8,0.0089
2009,4,0.15,-0.5,9,1.9,0.0076
2009,5,0.18,-0.5,9.4,1.8,0.0093
2009,6,0.21,-0.5,9.5,1.7,0.0082
2009,7,0.16,1.3,9.5,1.5,0.0072
2009,8,0.16,1.3,9.6,1.4,0.0063
2009,9,0.15,1.3,9.8,1.5,0.0065
2009,10,0.12,3.9,10,1.7,0.0072
2009,11,0.12,3.9,9.9,1.7,0.0124
2009,12,0.12,3.9,9.9,1.8,0.0137
2010,1,0.11,1.7,9.8,1.6,0.0151
2010,2,0.13,1.7,9.8,1.3,0.0169
2010,3,0.16,1.7,9.9,1.1,0.017
2010,4,0.2,3.9,9.9,0.9,0.0178
2010,5,0.2,3.9,9.6,0.9,0.016
2010,6,0.18,3.9,9.4,0.9,0.0164
2010,7,0.18,2.7,9.4,0.9,0.0156
2010,8,0.19,2.7,9.5,0.9,0.0147
2010,9,0.19,2.7,9.5,0.8,0.0142
2010,10,0.19,2.5,9.4,0.6,0.013
2010,11,0.19,2.5,9.8,0.8,0.0108
2010,12,0.18,2.5,9.3,0.8,0.0112
2011,1,0.17,-1.5,9.1,1,0.0106
2011,2,0.16,-1.5,9,1.1,0.0112
2011,3,0.14,-1.5,9,1.2,0.0121
2011,4,0.1,2.9,9.1,1.3,0.0121
2011,5,0.09,2.9,9,1.5,0.014
2011,6,0.09,2.9,9.1,1.6,0.0152
2011,7,0.07,0.8,9,1.8,0.0159
2011,8,0.1,0.8,9,2,0.0173
2011,9,0.08,0.8,9,2,0.0184
2011,10,0.07,4.6,8.8,2.1,0.0185
2011,11,0.08,4.6,8.6,2.2,0.0174
2011,12,0.07,4.6,8.5,2.2,0.0183
2012,1,0.08,2.7,8.3,2.3,0.0198
2012,2,0.1,2.7,8.3,2.2,0.0206
2012,3,0.13,2.7,8.2,2.3,0.0202
2012,4,0.14,1.9,8.2,2.3,0.0204
2012,5,0.16,1.9,8.2,2.3,0.0196
2012,6,0.16,1.9,8.2,2.2,0.0183
2012,7,0.16,0.5,8.2,2.1,0.0182
2012,8,0.13,0.5,8.1,1.9,0.0177
2012,9,0.14,0.5,7.8,2,0.0164
2012,10,0.16,0.1,7.8,2,0.0169
2012,11,0.16,0.1,7.7,1.9,0.0189
2012,12,0.16,0.1,7.9,1.9,0.0178
2013,1,0.14,2.8,8,1.9,0.0169
2013,2,0.15,2.8,7.7,2,0.0159
2013,3,0.14,2.8,7.5,1.9,0.0158
2013,4,0.15,0.8,7.6,1.7,0.015
2013,5,0.11,0.8,7.5,1.7,0.0142
2013,6,0.09,0.8,7.5,1.6,0.0143
2013,7,0.09,3.1,7.3,1.7,0.0149
2013,8,0.08,3.1,7.3,1.8,0.0151
2013,9,0.08,3.1,7.2,1.7,0.0157
2013,10,0.09,4,7.2,1.7,0.0156
2013,11,0.08,4,6.9,1.7,0.0153
2013,12,0.09,4,6.7,1.7,0.0159
2014,1,0.07,-1.2,6.6,1.6,0.0166
2014,2,0.07,-1.2,6.7,1.6,0.0154
2014,3,0.08,-1.2,6.7,1.7,0.0148
2014,4,0.09,4,6.2,1.8,0.0158
2014,5,0.09,4,6.3,2,0.017
2014,6,0.1,4,6.1,1.9,0.0177
2014,7,0.09,5,6.2,1.9,0.0172
2014,8,0.09,5,6.2,1.7,0.0177
2014,9,0.09,5,5.9,1.7,0.0169
2014,10,0.09,2.3,5.7,1.8,0.0171
2014,11,0.09,2.3,5.8,1.7,0.0158
2014,12,0.12,2.3,5.6,1.6,0.0151
2015,1,0.11,2,5.7,1.6,0.0147
2015,2,0.11,2,5.5,1.7,0.0136
2015,3,0.11,2,5.4,1.8,0.014
2015,4,0.12,2.6,5.4,1.8,0.0136
2015,5,0.12,2.6,5.5,1.7,0.0134
2015,6,0.13,2.6,5.3,1.8,0.0128
2015,7,0.13,2,5.2,1.8,0.0129
2015,8,0.14,2,5.1,1.8,0.0119
2015,9,0.14,2,5,1.9,0.0123
2015,10,0.12,0.9,5,1.9,0.0123
2015,11,0.12,0.9,5,2,0.0116
2015,12,0.24,0.9,5,2.1,0.0116
2016,1,0.34,0.8,4.9,2.2,0.0113
2016,2,0.38,0.8,4.9,2.3,0.0134
2016,3,0.36,0.8,5,2.2,0.0139
2016,4,0.37,1.4,5,2.1,0.0138
2016,5,0.37,1.4,4.7,2.2,0.0147
2016,6,0.38,1.4,4.9,2.2,0.015
2016,7,0.39,3.5,4.9,2.2,0.015
2016,8,0.4,3.5,4.9,2.3,0.0158
2016,9,0.4,3.5,4.9,2.2,0.017
2016,10,0.4,1.9,4.8,2.1,0.0168
2016,11,0.41,1.9,4.6,2.1,0.0182
2016,12,0.54,1.9,4.7,2.2,0.0176
2017,1,0.65,1.7,4.8,2.3,0.0183
2017,2,0.66,1.7,4.7,2.2,0.019
2017,3,0.82,1.7,4.4,2.38,0.0189
2017,4,0.83,2,4.4,2.2,0.0169
2017,5,0.83,2,4.4,1.87,0.017
2017,6,1.06,2,4.3,1.63,0.0165
2017,7,1.07,3.4,4.3,1.73,0.017
2017,8,1.07,3.4,4.4,1.94,0.0159
2017,9,1.06,3.4,4.2,2.23,0.015
2017,10,1.07,4.1,4.1,2.04,0.0158
2017,11,1.07,4.1,4.2,2.2,0.0169
2017,12,1.33,4.1,4.1,2.11,0.017
2018,1,1.34,2.8,4.1,2.07,0.0172
2018,2,1.35,2.8,4.1,2.21,0.0173
2018,3,1.67,2.8,4,2.36,0.0178
2018,4,1.69,2.8,4,2.46,0.0208
2018,5,1.7,2.8,3.8,2.8,0.0201
2018,6,1.91,2.8,4,2.87,0.0211
2018,7,1.91,2.9,3.8,2.95,0.0207
2018,8,1.91,2.9,3.8,2.7,0.0213
2018,9,2.18,2.9,3.7,2.28,0.0203
2018,10,2.2,0.7,3.8,2.52,0.0204
2018,11,2.2,0.7,3.7,2.18,0.0193
2018,12,2.4,0.7,3.9,1.91,0.0206
2019,1,2.4,2.2,4,1.55,0.0206
2019,2,2.4,2.2,3.8,1.52,0.0183
2019,3,2.43,2.2,3.8,1.86,0.0167
2019,4,2.45,2.7,3.7,2,0.0156
2019,5,2.4,2.7,3.7,1.79,0.0169
2019,6,2.4,2.7,3.6,1.65,0.0161
2019,7,2.4,3.6,3.6,1.81,0.0172
2019,8,2.13,3.6,3.7,1.75,0.0173
2019,9,1.9,3.6,3.5,1.71,0.0185
2019,10,1.58,1.8,3.6,1.76,0.0171
2019,11,1.56,1.8,3.6,2.05,0.0172
2019,12,1.55,1.8,3.6,2.29,0.0157
2020,1,1.59,-4.6,3.5,2.49,0.0164
2020,2,1.58,-4.6,3.5,2.33,0.0178
2020,3,0.08,-4.6,4.4,1.54,0.0191
2020,4,0.05,-29.9,14.7,0.33,0.017
2020,5,0.05,-29.9,13.2,0.12,0.0091
2020,6,0.08,-29.9,11,0.65,0.01
2020,7,0.1,35.3,10.2,0.99,0.0113
2020,8,0.09,35.3,8.4,1.31,0.013
2020,9,0.09,35.3,7.9,1.37,0.0133
2020,10,0.09,3.9,6.9,1.18,0.0143
2020,11,0.09,3.9,6.7,1.17,0.0131
2020,12,0.09,3.9,6.7,1.36,0.0131
2021,1,0.07,6.3,6.4,1.4,0.0142
2021,2,0.07,6.3,6.2,1.68,0.0154
2021,3,0.06,6.3,6,2.62,0.0155
2021,4,0.05,7,6,4.16,0.0204
2021,5,0.05,7,5.8,4.99,0.0316
2021,6,0.08,7,5.9,5.39,0.0348
2021,7,0.07,2.7,5.4,5.37,0.0361
2021,8,0.06,2.7,5.2,5.25,0.037
2021,9,0.06,2.7,4.7,5.39,0.0388
2021,10,0.07,7,4.6,6.22,0.0392
2021,11,0.07,7,4.2,6.81,0.0431
2021,12,0.07,7,3.9,7.04,0.0482
2022,1,0.08,-1.6,4,7.48,0.0504
2022,2,0.08,-1.6,3.8,7.87,0.0521
2022,3,0.33,-1.6,3.6,8.54,0.0542
2022,4,0.33,-0.6,3.6,8.26,0.0536
2022,5,0.83,-0.6,3.6,8.58,0.0503
2022,6,1.58,-0.6,3.6,9.06,0.0488
2022,7,2.32,2.6,3.5,8.52,0.0504
2022,8,2.33,2.6,3.7,8.26,0.0467
2022,9,3.08,2.6,3.5,8.2,0.0489
2022,10,3.08,2.6,3.5,7.75,0.0515
